tlv5,tlv6,rg5,rg6
1.392185,1.452185,1.337101,1.437101
1.26944,1.32944,1.359329,1.459329
1.241612,1.281612,1.215028,1.275028
1.346183,1.396183,1.314776,1.394776
1.230593,1.280593,1.257351,1.347351
1.349865,1.409865,1.328976,1.348976
1.307485,1.337485,1.251852,1.351852
1.370815,1.400815,1.324443,1.404443
1.287539,1.337539,1.200821,1.270821
1.286999,1.316999,1.263458,1.403458
1.397146,1.417146,,
1.36498,1.39498,,
1.245658,1.285658,,
1.343385,1.393385,,
1.208774,1.248774,,
